ratingComments;Sentiment;category
Es muy caro! Bajad los precios!;N;Price
Lo habéis puesto más caro;N;Price
Los coches que tenéis no se corresponden con el precio que ponéis es una vergüenza;N;Price
Espero que bajeis el precio;N;Price
Cobráis por todo, a este ritmo yo me cambio;N;Price
Precio excesivo. Muy defraudado con el servicio. Y además no estaban funcionando bien los parabrisas.;N;Price
El viaje ha sido horrible. Me ha costado muchísimo aparcar. Pero lo peor el precio. Incrible;N;Price
Desde cuando sois tan caros?;N;Price
El precio por minuto es un timo;N;Price
No sé de dónde os sacais los precios, la verdad, muy mal;N;Price
Espero que no me cobreis los minutos de más. Sería el colmo encima que es culpa vuestra.;N;Price
Voy a tener que dejar de usaros a este ritmo los precios son exagerados;N;Price
Mi descuento no se aplicó, exijo que me reduzcais el coste del viaje;N;Price
Muy caro, muy sucio, muy mal todo;N;Price
El precio es un poco caro;N;Price
Podriais bajar el precio cuando hay megaatascos, he pasado toda una hora en llegar al trabajo y el viaje me va a salir demasiado caro;N;Price
Mala calidad precio;N;Price
Estoy muy enfadado. He perdido 20 minutos que se me van a cobrar por culpa de vuestros mandos ;N;Price
El precio antes era más bajo.;N;Price
Antes erais más baratos;N;Price
Demasiado caro;N;Price
El precio era muy alto;N;Price
Precios desorbitados y encima no me habéis solucionado el problema del viaje. Espero que me recompenseis pagandome el exceso;N;Price
Precio mejorable, a estas alturas no sé como no me paso a otra empresa;N;Price
VAMOS A VER DE DONDE OS SACAIS COBRARME ESOS CUATRO EUROS DE MÁS. EXIJO QUE ME DEVOLVAIS EL DINERO DE INMEDIATO O HABRÁ CONSECUENCIAS;N;Price
Precio muy alto;N;Price
Por favor, volved al precio de antes;N;Price
Es un engañabobos esto de los planes y tal. Al final te sale igual de caro. Podiais decir que nos quereis sacar los cuartos;N;Price
Por qué ahora esto está tan caro;N;Price
O mejorais la calidad o bajais el precio;N;Price
No sé quién os usa con esos precios. Primera vez y menudo chasco con vosotros…;N;Price
EL prEcio no era el que me esperaba. Yo NO EStuve tantos minutos. EXIJO QUE SE ME DEVUELVA. ;N;Price
Por favor, bajad los precios.;N;Price
Nada mal, quizás el precio un poco caro, pero el viaje estupendo;N;Price
La camara del coche no me funcionó bien. El precio mejorable, la verdad es que sois un poco careros…;N;Price
No sabeis otra cosa que subir precios, a este paso yo paso;N;Price
Mal los precios eh… Muy mal…;N;Price
No me fastidieis que ahora por aparcar en esta zona cobrais más;N;Price
El precio de verdad teneis que bajarlo;N;Price
Sois unos caros de mucho cuidado;N;Price
Bajad los precios!!!!;N;Price
Caro es quedarse corto;N;Price
Demasiado caro y me habeis contabilizado mal los minutos.;N;Price
No sé como no se os cae la cara de vergüenza con los precios;N;Price
No se me aplicó el descuento. Por favor, teneis que arreglar esto porque además el precio está muy alto;N;Price
Caro;N;Price
El viaje bien. Un poco caro el precio;N;Price
Vais a ser mi ruina. Una y no mas;N;Price
El precio no me parece bien;N;Price
El precio no me apareció en la app;Neu;Price
La tarifa reducida qué es?;Neu;Price
Como puedo ver el precio?;Neu;Price
Pregunta: el precio cuanto es por minuto?;Neu;Price
El precio donde se consulta?;Neu;Price
El precio no aparece en la app;Neu;Price
El otro día vi el precio en vuestra app, no sé donde puedo ver ahora los minutos;Neu;Price
Me da igual el precio si venis a mi zona. Pago todo lo que sea!!!;Neu;Price
El servicio de atención al cliente me ha dicho que el precio va por minutos. Quiero confirmarlo;Neu;Price
Buen servicio al cliente. El precio no ha cambiado, no sé si es bueno o malo;Neu;Price
En la App el precio desaparece tras el viaje. Arreglenlo;Neu;Price
No sé como mirar el tema de los planes de precios;Neu;Price
Seria genial que añadierais una modalidad low cost, no es que seais caros, tampoco baratos, pero es una idea;Neu;Price
El precio no viene actualizado en la web+;Neu;Price
El precio al aeropuerto como puedo mirarlo;Neu;Price
El seguro viene incluido en el precio?;Neu;Price
El precio es el mismo aquí que en otros sitios?;Neu;Price
Como calculais el precio de los servicios?;Neu;Price
Es relativamente económico, aunque prefiero ir en taxi;P;Price
Habéis mejorado los precios. Gracias :');P;Price
Y los precios aumentando. A este paso no os voy a usar.;N;Price
Gracias por el descuento! Por más viajes a ese precio;P;Price
Buen precio y servicio genial!!! He llegado a tiempo a mi cita gracias Zity :);P;Price
Precio estupendo;P;Price
Sois mas rentables que tener un coche. Con Zity a todas partes :);P;Price
Precios geniales!!!;P;Price
Mucho mas baratos que tasdr y mucho mejor. Me vengo a Zity!;P;Price
Muy agusto y muy barato;P;Price
Vuestros precios son bien regeniales;P;Price
El precio inmejorable, la verdad;P;Price
Me vengo por el precio y bien;P;Price
Contento con el precio;P;Price
Buen precio aunque se ha activado un sensor mientras conducia;P;Price
Me encanta cuando bajais los precios, os cojo mas;P;Price
Contento y muy contento con el precio;P;Price
Tengo que admitir que es barato;P;Price
Gracias gracias y gracias porque sin vosootros no podri pagar para ir en coche al trabajo;P;Price
El precio muy bien;P;Price
Bien por el precio;P;Price
No me imaginé que fuerais a bajar los precios ahora. Viva!!;P;Price
El precio con el descuento un puntazo!;P;Price
Descuentos maravillosos, se nota mucho en el precio :);P;Price
Habia un poco de suciedad en las ventanas. Precio acorde con el servicio, pero por favor que los clientes no sean tan sucios, no nos merecemos los demas estas cosas;P;Price
Buenos precios;P;Price
El coste acorde con el servicio;P;Price
He hablado con Macarena y me jha solucionado el tema de la app en un pis pas. Además, el precio genial. Gracias <3;P;Price
Precio mejor que el del resto del mercado. Seguid así ;P;Price
Bueno bonito y barato;P;Price
No me quejo de nada, ni del precio. De verdad, todo fantastico;P;Price
Os he vuelto a dar una oportunidad y muy contento con los precios de ahora, volveis a ser los de siempre ;P;Price
Es relativamente económico, aunque prefiero ir en taxi;P;Price
Habéis mejorado los precios. Gracias :');P;Price
Y los precios aumentando. A este paso no os voy a usar.;N;Price
Gracias por el descuento! Por más viajes a ese precio;P;Price
El coche estaba muy limpio;P;Cleaning
Desde la última vez ha mejorado mil la conexión y ahora el coche está más limpio. Felicidades;P;Cleaning
Coche limpio y buen funcionamiento;P;Cleaning
Olor a limpio. Qué nuevito está;P;Cleaning
Limpísimo;P;Cleaning
El coche impecable, no como otras veces;P;Cleaning
Limpio y reluciente. Aunque durante el viaje tuve todo el rato un sonido extraño, ya se lo comenté a atencion al cliente;P;Cleaning
El coche estaba nuevo. Así da gusto!!!;P;Cleaning
Primera vez y encantado! Muy intuitivo y super limpio que tenia miedo por lo que me habian dicho;P;Cleaning
Impecable, no sé si he tenido suerte jeje;P;Cleaning
Está tan limpio que da gusto;P;Cleaning
Está suuuuper limpio. Por cierto, alguien se ha dejado una cartera, os la dejo en la guantera;P;Cleaning
Este coche es nuevo y se notaa, limpio y reluciente :);P;Cleaning
Bastante limpio. Menos mal, que otras veces….;P;Cleaning
Creo que se percio la conetxión con la app. Coche limpio ;P;Cleaning
Limpio por dentro y limpio por fuera y Madrid verde que te quiero verde;P;Cleaning
Hacía tiempo que no me montaba en un coche tan limpio;P;Cleaning
Se nota que lo acabais de limpiar, qué gustazo;P;Cleaning
Coche muy limpio <3;P;Cleaning
He ido todo el viaje muy cómoda y el coche olía a nuevo y limpio, muy contenta con el viaje ;P;Cleaning
Limpieza de 10. No sé como os las arregláis pero es genial!!!;P;Cleaning
"Super limpio""!";P;Cleaning
Muy contento, el coche relucía y todo de lo limpi oque estaba;P;Cleaning
Abrid en Cuenca! Sois de los más limpios y que mejor cuidan a los coches;P;Cleaning
Ninguna queja. Coche muy limpio;P;Cleaning
He venido super agusto porque el coche olía super bien ;P;Cleaning
Primera vez que uso uno y de diez. Muy limpio y la radio se escuchaba genial;P;Cleaning
AYYYYYYYYY QUÉ MARAVILLA DE COCHE. LIMPIO QUE DA GUSTO :');P;Cleaning
Me habéis alegrado el día, que coche tan bonito y tan limpio;P;Cleaning
Maravilla de viaje y qué limpio, así se limpia madrid tamb;P;Cleaning
Nada de suciedad, así da gusot;P;Cleaning
Os doy 5 estrellas . El coche impecable;P;Cleaning
Impecable este coche, ojalá así con el resto. Por cierto, he tenido que aparcar en una zona no habilitada porque me lo ha mandado así la guardia civil;P;Cleaning
El coche de 10. Limpieza máxima;P;Cleaning
Muuuuuy limpito;P;Cleaning
Estoy muy contenta con este coche tan limpio y tan bonito. Pa c uando os venis a Alcorcón;P;Cleaning
Voy a recomendaros a mis amigos, sois geniales y vuesttros coches más. Están relucientes;P;Cleaning
Reluce de tanto que luce la limpieza, sigue así por favor;P;Cleaning
Cuando hay que felicitaros lo hago, el coche no ha dado ningún problema y estba limpio;P;Cleaning
Viaje correcto. Coche con limpieza adecuada;P;Cleaning
Sí, todo ha ido bien. Me encanta coger un coche nuevo y limpito;P;Cleaning
Olé! Creo que he estrenado el coche, estaba limpio que da gusto;P;Cleaning
Limpias hasta las ruedas;P;Cleaning
Más limpio no se puede, sois geniales;P;Cleaning
Limpio. Habia una alerta en el gps;P;Cleaning
Cada cuanto limpiais los coches?;Neu;Cleaning
He tenido que atravésar un lodazal y se ha ensuciado el coche ;Neu;Cleaning
El coche estaba en una zona de limpieza;Neu;Cleaning
Había un artículo de limpieza dentro del coche;Neu;Cleaning
Me he encontrado con el de la limpieza. Al final la batería si me ha durado lo suficiente;Neu;Cleaning
El de la limpieza me ha enseñado como arrancarlo, deberíais poner las instrucciones más claras;Neu;Cleaning
Había un papel de propaganda en el limpiaparabrisas;Neu;Cleaning
He ensuciado el coche al pasar por un charco de barro;Neu;Cleaning
El coche se ha ensuciado porque hemso derramado bebida sin querer;Neu;Cleaning
Limpieza normal;Neu;Cleaning
Normal en cuanto a limpieza;Neu;Cleaning
El de la limpieza estaba cuando llegué. Luego al montar en el coche he visto que se había dejado un reloj;Neu;Cleaning
Si limpio el coche me lo pagais?;Neu;Cleaning
El limpia tenía una multa, ya se lo he avisado a atención al cliente;Neu;Cleaning
Sin querer he ensuciado el coche;Neu;Cleaning
Ha pasado una persona y ha tirado un balón lleno de barro podéis verlo en la cámara;Neu;Cleaning
La limpieza interior es normal, aunqeu el coche estaba abollado. Estaba así cuando llegué.;Neu;Cleaning
En el limpiaparabrisas me he encontrado una multa;Neu;Cleaning
Antes vi al de la limpieza en este coche, creo que iba a coger un objeto perdido;Neu;Cleaning
La limpieza de este coche fue normal, el viaje también 3 estrellas;Neu;Cleaning
No me quejo de nada, pero tampoco nada impresionante. Limpieza normal. Tiempo normal. Supongo que lo normal;Neu;Cleaning
Antes me encontré con un papel en el limpiaparabrisas;Neu;Cleaning
Al atravesar un charco de barro he ensuciado el coche, lo siento;Neu;Cleaning
No he podido evitar ensuciar el coche;Neu;Cleaning
Había un señor de la limpieza cuando llegué;Neu;Cleaning
Cuanto limpiais estos coches?;Neu;Cleaning
Se puede pedir que te limpien el coche antes de alquilarlo?;Neu;Cleaning
La limpieza con este servicio viene incluida?;Neu;Cleaning
He ensuciado el coche, tengo que limpiarlo?;Neu;Cleaning
El señor de la limpieza me saludó cuando llegué, fue muy majo;Neu;Cleaning
Al parecer alguien ensució antes el coche y estaba allí un señor de la limpieza;Neu;Cleaning
El limpiaparabrisas ha matado a una mosca;Neu;Cleaning
El coche estaba asqueroso;N;Cleaning
Muy sucio. Olía a tabaco y tenía una pedazo mancha en el asiento… Puaj…;N;Cleaning
Olía a vómito. Me ha dado tremendo asco montarme en este coche;N;Cleaning
Los anteriores pasajeros han debido fumar porque huele fatal;N;Cleaning
El coche está lleno de barro. Muy sucio y encima mal indicado en la aplicación;N;Cleaning
Primera vez que os uso y una decepción, estaba asqueroso el coche cuando llegué.;N;Cleaning
Estaba sucísimo. Ni me he montado;N;Cleaning
La conexión iba fatal durante todo el viaje, por favor, arregladlo. Además el asiento estaba pringoso.;N;Cleaning
Pero como se puede ser tan guarro de dejar el coche así. Qué asquerosa es la gente.;N;Cleaning
El limpiaparabrisas no funcionaba y el coche estaba asqueroso. No se veía bien por el cristal. ES PELIGROSO;N;Cleaning
A ver si limpiais un poco los coches… que están de guarros…;N;Cleaning
El interior tenía migas de pan y comida. Una cocacola. La gente es muy guarra;N;Cleaning
Había bastante polvo, pero con este tiempo todos los coches están igual;N;Cleaning
Estaba rajado el coche y con una mancha enorme en el asiento;N;Cleaning
El volante estaba pringoso. Admeás durante el viaje sonó todo el rato una alarma;N;Cleaning
El asiento estaba pringoso y con manchas las ventanas;N;Cleaning
Había migas por todas partes y una lata de cerveza;N;Cleaning
Olía a cigarros. No permitáis entrar a fumadores! Todos tenemos derecho a usar el coche;N;Cleaning
Demasiado sucio, tan sucio que ni se veía bien;N;Cleaning
Parece que se subió antes un animal porque estaba todo lleno de pelos. Menos mal que no tengo alergia…;N;Cleaning
Menudos guarros los que se subieron antes, han dejado el coche lleno de bebidas y con manchas de alcohol por todas partes y pringoso. Pero lo peor es que olía a marihuana. Me parece indignante;N;Cleaning
El limpiaparabrisas no tenía líquido, fatal ;N;Cleaning
No había líquido en el limpiaparabrisas;N;Cleaning
No funcionaba el limpiaparabrisas, estaba roto y no ha parado de sonar un ruido de vibración en todo el viaje-;N;Cleaning
El olor a tabaco era insoportable. He ido todo el viaje con las ventanillas bajadas y eso que es invierno;N;Cleaning
La mancha que hay en el asiento del copiloto no es mía;N;Cleaning
Hay pelos de gato por todas partes. Sé que es pelo de gato, deberíais aspirar.;N;Cleaning
A ver si limpiais un poquito porque madre del amor hermoso que sucio está todo;N;Cleaning
Ni los limpias funcionaban ni estaba limpio el coche. Eso ha podido provocar un accidente;N;Cleaning
Deberiais limpiar estos coches más a menudo, hace que la experiencia sea muy mala el tener que tocar un volante pringoso y además había una luz super incómoda.;N;Cleaning
Había unas latas y comida del chino abiertas en los asientos traseros;N;Cleaning
Manchas de comida por los asientos, la verdad es que no teneis la culpa pero me parece super incómodo y me estoy planteando coger otro tipo de servicios;N;Cleaning
Mucho barro en la parte baja del coche, no sé por dónde lo habrán metido;N;Cleaning
El anterior dueño ha sido un guarro que ha dejado todo hecho un asco;N;Cleaning
Olía a vómito y casi he vomitado yo también. He tenido que cancelar;N;Cleaning
Puff… después de minutos y minutos buscando vuestro coche me encuentro con que está con latas abiertas, pringoso, pero lo peor con vómito, que asco. He terminado andando a donde queria ir;N;Cleaning
Deberíais limpiar más a menudo los coches porque sé que hay dueños guarros pero nos fastidian a los demás o prohibirles entrar yo que sé. Haced algo para que no esté esto tan sucio;N;Cleaning
Más sucio imposible. Ni lo he tocado del asco que daba;N;Cleaning
Había barro en el asiento, he tenido que cancelar;N;Cleaning
El limpiaparabrisas iba mal y no había líquido;N;Cleaning
No había líquido para el limpia, y los asientos sucios;N;Cleaning
Había pelos de animal en el asiento;N;Cleaning
El coche tenía una mancha en el asiento del copiloto. La conexión ha mejorado bastante desde la última vez.;N;Cleaning
He aparcado en un santiamén y gracias a que tenéis zonas habilitadas para ello, gracias gracias gracias;P;Parking
Aparcado rápido y sencillo;P;Parking
Cada vez me gustan más estos coches que se aparcan casi solos;P;Parking
He llegado en tiempo record, y he aparcado rapidísimo;P;Parking
Me encontré con uno de vuestros sitios y metí el coche ahí, muy contento;P;Parking
Genial haber aparcado tan rápido;P;Parking
Al ser peque el coche se aparca de maravilla;P;Parking
Qué bien que tengais zonas habilitadas para aparcar;P;Parking
Estos coches se aparcan genial;P;Parking
Me estoy acostumbrando a aparcar de maravilla con estos coches. Por cierto, la APP me ha dado un error al incio del viaje pero hablé con servicio al cliente y todo solucioinad0;P;Parking
El parking que hay en el centro te resuelve la vida. Gracias mil;P;Parking
Me ha encantado aparcar en mi barrio que alegría;P;Parking
Aparcar con un automático está chupado;P;Parking
He ido todo el viaje con un sonido muy molesto y encima no funcionaba la radio. Al menos he aparcado bien;P;Parking
Vuestro parking es una pasada, hay mucho espacio y en pleno centro;P;Parking
Había un problema con la app pero me lo ha solucionado estefanía de atención al cliente, muy buen servicio en ese sentido. Después llegué bastante rápido y aparqué fenomenal;P;Parking
He aparcado a la primera, y soy novata jeje;P;Parking
He tenido suerte y he conseguido sitio a la primera qué feliz me siento;P;Parking
He aparcado genial con este coche;P;Parking
He aparcado bien, aunque el anterior lo dejó de pena;P;Parking
Con este coche tan pequeño se aparca genial en todas partes y además puedo ir al centro, maravilloso;P;Parking
Hacía tiempor que no aparcaba en pleno centro, me ha hecho ilusión;P;Parking
Me maravilla poder aparcar por todas partes, puntuación máxima;P;Parking
Super facil aparcar, y tenía en la radio a mi canción favorita. Eso si ha sido triste, tener que apagarla;P;Parking
Parkings por todas partes maravilloso gracias;P;Parking
Me ha sido muy facil aparcar y no estaba segura de si con un automático iba a ser capaz;P;Parking
He aparcado de maravilla, buen coche;P;Parking
Aparcar enfrente de mi casa es un lujazo;P;Parking
Aparcado en cero coma, todo bien;P;Parking
Por favor, revisad que las luces estén bien. He aparcado bien;P;Parking
He llegado super rápido y aparcado más rapido todavía;P;Parking
Un 10 por las zonas que dejais para que aparquemos;P;Parking
Muy cómodo poder aparcar por tantas zonas, gracias;P;Parking
Al aparcar me he encontrado con una cartera que se ha debido dejar alguien, os la dejo en la guantera;Neu;Parking
Aparcando me he dado cuenta de que los espejos retrovisores no funcionan adecuadamente. Por favor, echadle un ojo porque es peligroso;Neu;Parking
"Al aparcar no he visto que se apagaran las luces, revisadlo y decidme si se ha cerrado adecuadamente el coche. No me cobreis""!";Neu;Parking
He tenido que aparcar en una zona que no es vuestra porque me lo ha indicado el policía;Neu;Parking
He tenido que llevar a un paciente con covid en este coche, está aparcado en el hospital clínico, al lado de la fuente. Era algo muy urgente;Neu;Parking
Al aparcar se ha iluminado un testigo, no sé qué significa;Neu;Parking
Cuando he llegado he aparcado en una zona de minusválidos porque tenía mucha prisa, mi vuelo se iba;Neu;Parking
Creo que cuando llegué y aparqué me dejé una libreta ¿podéis revisarlo? ;Neu;Parking
Al aparcar había alguien esperando, no sabía que se podía alquilar un coche cuando alguien ya está a punt ode llegar;Neu;Parking
Podríais incluir algún servicio de aparcamiento especial en la zona sur?;Neu;Parking
No sé el viaje ha sido corriente. He aparcado normal;Neu;Parking
He tenido que poner una nota en el coche tras aparcar porque he llevado a una persona con covid al hospital. ;Neu;Parking
Cuando estaba aparcando se me ha acabado la batería del coche y me ha seguido contando. Por favor, no me cobreis de más ;Neu;Parking
He aparcado en doble fila;Neu;Parking
El parking me señalizó que aparcara aquí;Neu;Parking
Al aparcar he visto que había un rajazo en el costal izquierdo. Era de antes, lo juro;Neu;Parking
Por aparcar en algunos sitios dais descuentos?;Neu;Parking
He aparcado en una zona de carga y descarga, tenía que correr lo seinto;Neu;Parking
Aparcando he notado que la ventana de atrás estaba rallada, no he sido yo, podeis comprobarlo con las camaras;Neu;Parking
He tenido que esperar unos cuantos minutos antes de aparcar porque había retención;Neu;Parking
Al aparcar creo que he dado a las luces, me acabo de percatar;Neu;Parking
No sé donde he aparcado, ojalá sea zona vuestra;Neu;Parking
Si aparco en vuestra zona… eso como funciona?;Neu;Parking
Al aparcar se ha empezado a averiar la radio;Neu;Parking
Aparcado en doble fila en frente de un hospital. Tengo prisa;Neu;Parking
Mil años he tardado en aparcar, espero que me hagais un descuento;N;Parking
No funciona esta zona en vuestro mapa, aparcar sale caro;N;Parking
No sabía que era automático y al aparcar fatal, casi me mato;N;Parking
He aparcado bastante mal, este coche tiene mal los frenos;N;Parking
Mal mal y mal para aparcar. Entre el pitido que sonaba, la vibración, que no se apagaba la radio… HORRIBLE;N;Parking
He aparcado fatal más de veinte minutos dando vueltas, así me sale más barato ir en Cabify;N;Parking
Qué horror aparcar, deberíais poner un descuento cuando se tarda tanto;N;Parking
Mira he dejado el coche en una zona de carga y descarga porque llevo media hora literal que no puedo aparcar en ningún lado. Podríais apliar vuestras zonas;N;Parking
La zona no llega a donde iba a ir y me he enterado justo al aparcar, qué faena. Y a la segunda vez media hora aparcando. Pufffffff;N;Parking
Podríais ampliar vuestras zonas, que aparcar en determinadas partes de madrid es un suplicio, el resto bien;N;Parking
Aparcar es toda una odisea con vuestros coches, no sé cómo hacerlo ni cerrar ni nada. Más información que no os cuesta nada;N;Parking
Para aparcar he tenido que dar unas veinte vueltas ha sido un horror;N;Parking
Fatal la experiencia de aparcar, he tenido que esperar en doble fila hasta que se fuera alguien;N;Parking
Aparcar estos días por la ciudad es imposible. No podéis controlar el tráfico… ¡pero abrid más zonas!;N;Parking
Me entero justo cuando estoy aparcando que ya no se puede aparcar en la zona de mi barrio, menudo tongo y qué mala experiencia de viajar y aparcar;N;Parking
Aparcando 15 minutos, no sé si merece la pena usaros;N;Parking
Cuando al aparcar se tarda tanto, sé que terminará afectando al bolsillo. Menuda bazofia;N;Parking
Mal al aparcar, ha empezado a vibrar el coche.;N;Parking
No funcionaba la cámara al aparcar y casi  me choco. Revisad esto que es peligroso!;N;Parking
Menudo lío me he hecho aparcando, con estos coches automáticos no hay quien se entere;N;Parking
Para tardar 20 minutos en aparcar me voy en metro, que tardo menos;N;Parking
Voy a llegar tarde por vuestra culpa. 10 minutos aparcando. No vuelvo a confiar en vosotros;N;Parking
Entre que no ampliais las zonas y que los precios están por los cielos y aparcar en el centro es un suplicio voy a dejar de usar vuestro servico;N;Parking
La cámara de marcha atrás no funciona bien, y tampoco sonaban los pitidos de cuando aparcas, deberíais arreglarlo;N;Parking
No funcionaba la cámara de marcha atrás;N;Parking
La cámara trasera estaba cortada y el gps durante todo el trayecto iba bastante mal;N;Parking
Por favor, no se puede cobrar tanto cuando llevo más de 15 minutos contados aparcando;N;Parking
En este parking vuestro me he perdido y he estado dando vueltas hasta que me he encontrado con un trabajador vuestro;N;Parking
Deberíais hacer algo para tardar menos en aparcar;N;Parking
Por favor, llevo 30 minutos aparcando, esto es un suplicio;N;Parking
La cámara trasera va mal, arregladla, y el retrovisor derecho está roto;N;Parking
He aparcado fatal porque el retrovisor izquierdo está roto;N;Parking
Habéis mejorado la conexión, muchas gracias :');P;Connection
El coche tenía una mancha en el asiento del copiloto. La conexión ha mejorado bastante desde la última vez.;P;Connection
Alguien se ha debido dejar una cartera, le avisé al servicio de atención al cliente. La conexión ahora va bien;P;Connection
No sé qué habéis hecho pero habéis mejorado la conexión. Genial, no lo cambiéis;P;Connection
Me alegro de que ahora vaya mejor la conexión, antes iba horrible;P;Connection
La conexión funciona bastante bien, aunque por el tunel no había señal pero en ninguna parte así que es normal;P;Connection
Se nota que habéis hecho reformas en la conectividad, muchas gracias;P;Connection
Desde que arreglasteis lo de la conexión ahora va todo mucho mejor!;P;Connection
Muy contento de que no se me haya pillado la conexión, que ya era hor;P;Connection
Se cargó todo super rápido y pude hacer el viaje sin problemas;P;Connection
La conexión ahora funciona de maravilla, menos mal;P;Connection
Fenomenal ahora la conexión! Funciona de maravilla;P;Connection
Se nota que arreglais las cosas que os decimos porque la conexión ha mejorado bastante;P;Connection
El viaje ha ido bien, he podido aparcar en uno de esos parkings que tenéis y en el que hacéis descuentos. Buena conexión hasta en el parking;P;Connection
Teneis mejor conexión que otros, que en otros sitios se tarda la vida en abrir el coche;P;Connection
Pude conectar enseguida e iniciar el viaje. Todo muy rápido. Lo único que durante el viaje había siempre una vibración, creo que deberíais mirarlo;P;Connection
Desde la última vez ha mejorado mil la conexión y ahora el coche está más limpio. Felicidades;P;Connection
Buena conexión durante todo el viaje, que es de agradecer;P;Connection
Pude conectarme a la primera, eso es nuevo en estos servicios;P;Connection
Conexión maravillosa, si seguís así tal vez os use más a menudo;P;Connection
La conexión funcionaba de maravilla qué maravilla. Debería ser siempre así;P;Connection
Que bien que la conexión funcionase tan bien, es perfecto cuando pasa esto en los viajes;P;Connection
He de decir que se nota que habéis mejorado la conectividad y que ahora todo va mucho mejor. Ahora a ampliar zonas y a poder ser la zona Sutr;P;Connection
Conexión positiva, parking positivo, pero durante el viaje he sentido que las luces no funcionaban del todo bien;P;Connection
Gracias por mejorar la conexión, iba a desesperarme otra vez por tener que usaros;P;Connection
Cómo se nota que habéis mejorado la conexión, que gusto!;P;Connection
La conexión iba de lujo, ojalá siempre fuera así;P;Connection
Cómo se hace para conectar el blue tooth?;Neu;Connection
La conexión cómo funciona?;Neu;Connection
Ha habido un momento de la conexión en la que se me ha apagado el movil, para que lo tengáis en cuenta;Neu;Connection
Durante la conexión se me ha apagado el movil y creo que se me ha seguido cobrando, miren mi viaje por favor;Neu;Connection
Cómo puedo conectar mi dispositivo?;Neu;Connection
Qué dispositivos se pueden conectar a vuestros vehículos?;Neu;Connection
La conexión a internet va dentro del propio coche o tengo que usar datos?;Neu;Connection
Cuando estaba conectando me habéis mandado un mensaje de descuento, se me va a aplicar en este viaje?;Neu;Connection
Durante la conexión también cobráis?;Neu;Connection
Creo que atención al cliente me llamó antes de conectar, podéis confirmarme?;Neu;Connection
Podeis explicarme como funciona el tema de la conexión?;Neu;Connection
Me ha salido un mensaje de advertencia mientras me conectaba, podéis explicarme a qué se refiere?;Neu;Connection
Mientras me conectaba me salió una notificación de descuento, se me va a aplicar a este viaje?;Neu;Connection
Podeis explicarme como va lo de la conexión en el coche?;Neu;Connection
Había un sonido raro en el coche mientras me estaba conectando, pero creo que se debe al motor;Neu;Connection
Que hay que hacer para poder conectar el coche?;Neu;Connection
Tenéis información en la web sobre la conexión, pero me gustaría poder hablar con alguno de vosotros para entender como me afecta a mí;Neu;Connection
La conexión funciona aunque no haya red en mi movil?;Neu;Connection
Cómo funciona la conexión?;Neu;Connection
La conexión iba fatal durante todo el viaje, por favor, arregladlo. Además el asiento estaba pringoso.;N;Connection
Ha tardado años en conectar, y no es mi culpa, internet me va genial, es vuestro sistema que nunca funciona;N;Connection
Espero que me devolvais el dinero que he perdido mientras intentaba conectarme. Teneis que arreglar esto ;N;Connection
Me voy a cambiar porque no puede ser que tarde 10 minutos en conectar. Es más rápido el metro;N;Connection
He tenido que cambiar de coche porque con el primero no podía conectar;N;Connection
La conectividad funcionaba horrible. Exijo que me devolváis el dinero que he perdido por ello;N;Connection
Entre que había tráfico y que la conexión iba fatal he llegado muy tarde a mi cita. MUY ENFADADO;N;Connection
La conexión NUNCA funciona;N;Connection
Iba fatal la conexión….;N;Connection
No iba la conexión con el primer coche, este es el segundo;N;Connection
La conexión no funcionaba y he tenido que llamar a atención al cliente, han sido muy amables;N;Connection
Me iba a ratos la conexión y al final he llegado tarde;N;Connection
La conexión se cortó, espero que no me cobréis de más;N;Connection
Conexión muy mala durante todo el viaje;N;Connection
Deberíais arreglar la conexión, no hay viaje que no de problemas;N;Connection
Os pongo un 0 por la conexión tan mala que tenéis;N;Connection
1 mes ha pasado y la conexión sigue igual de mal…;N;Connection
Conexión horrible, no vuelvo a confiar en vosotros;N;Connection
Entre que había un sonido estridente y que la conexión iba fatal… menudo viajecito me habéis dado…;N;Connection
Conexión malísima durante todo el viaje, espero que solucioneis este problema o dejaré de usar vuestros servicios!!!;N;Connection
Por favor, arreglad la conexión, lleva dando problemas desde el primer día y me encantaría usaros, pero es que esto va fatal;N;Connection
Mira, primera y última vez que os cojo. La conexión no iba con el primer coche. He llamado, he tenido que desplazarme a otro coche que estaba a 10 minutos y el segundo coche no ha funcionado. La chica de atención al cliente no puede hacer nada, pero vosotros deberíais solucionar este problema tan fundamental. Es vergonzoso;N;Connection
El viaje ha estado bien, lo único que he tardado en conectar, espero que no me lo cargueis en la cuenta;N;Connection
Conexión muy mala, y encima seguro que el tiempo extra lo tengo que pagar yo. Es indignante;N;Connection
Deberíais arreglar el tema de la conexión. No es la primera vez que me pasa que tengo que ir a un segundo coche por este problema;N;Connection
Por favor, arreglad de una vez el tema de la conexión!!!!;N;Connection
Conexión bastante mala durante todo el trayecto, no me funcionaba el gps y he tenido que utilizar el movil de un amigo, espero haber aparcado en la zona correcta pero es que no podía mirarlo porque no iba la conexión;N;Connection
No sé cómo podéis tener una conexión tan mala de verdad, creo que voy a empezar a usar ubers;N;Connection
Desde que hicisteis una actualización, la conexión va fatal;N;Connection
He cambiado mi movil así que el tema de la conexión que no funciona es cosa vuestra y espero que me devolvais el dinero del tiempo que he perdido;N;Connection
Con esta conexión no sé cómo os podéis lanzar a sacar un servicio a la calle. A mi me daría vergüenza;N;Connection
La conexión fue un poco mal, aunque luego se solucionó ;N;Connection
Gracias a atención al cliente pude arreglar la conexión. Me abrieron ellos el coche, son muy  agradables, pero teneis que mejorar estas cosas básicas de vuestros servicios… no hay derecho ;N;Connection
20 minutos de conexión…. Y luego no me respondía atención al cliente. Bah… he tenido que cancelar;N;Connection
Pésima conexión durante todo el trallecto;N;Connection
Se cortó la conexión y no ha sido mi movil, sino vuestro sistema;N;Connection
Antes de finalizar se me cortó la conexión y creo que se cerró mal el servicio, revisadlo por favor;N;Connection
Conexión pésima, hacía tiempo he no me desesperaba tanto;N;Connection
Como no solucioneis el tema de la conexión os voy a poner una denuncia por todos los minutos de más que me habés cobrado y que me los devolveis en no sé qué descuentos. Para que os use más… esto es la pescadilla que se muerde la cola…;N;Connection
Conexión horrible, he tenido que llamar a atención al cliente y menos mal que una chica me lo ha solucionado;N;Connection
La conexión ha ido fatal durante todo el viaje, deberíais arreglarla;N;Connection
No sois ni caros ni baratos;Neu;Price
Como puedo hacer para calcular el precio del servicio?;Neu;Price
Cómo sé cuál es el precio?;Neu;Price
Una pregunta, cual es el precio y como puedo verlo?;Neu;Price
No veo el precio actualizado en la web, pueden actualizarlo?;Neu;Price
Para ver el precio del viaje, qué tengo que hacer?;Neu;Price
No veo el precio en la app;Neu;Price
Cómo puedo saber cuál es el precio?;Neu;Price
Me da igual el precio, necesito usar este servicio;Neu;Price
El precio me da igual, pero por favor, es necesario mejorar la limpieza de los coches;Neu;Price
Es un precio normal con respecto a lo que hay en el mercado;Neu;Price
El precio lo encuentro bastante normal;Neu;Price
Muchas gracias por el descuento que haceis! ;P;Price
El descuento que hacéis es genial!! Así los viajes salen bastante baratos;P;Price
Bastante económico;P;Price
Es muy económico para lo que hay en el mercado;P;Price
Lo he probado varias veces y es economico, más aún con los descuentos que hacéis;P;Price
El descuento que he aplicado hace que el viaje sea muy baratito;P;Price
Barato como debe ser, y el viaje muy bueno he podido aparcar bastante bien;P;Price
He visto que es bastante barato y efectivamente, no me ha decepcionado;P;Price
Es muy economico, me alegro de haberos usado!;P;Price
Genial el descuento hace que sea muy barato;P;Price
En atención al cliente me ayudaron a aplicar el descuento que tenía y me ha salido todo muy baratito;P;Price
El precio es muy bueno;P;Price
Los precios están muy bien, aunque los coches están un poco sucios en general;P;Price
El precio es muy bueno, muy asequible y puedo tener un coche siempre que quiera. Genial!;P;Price
Buen precio y buen servicio;P;Price
Buen precio, ha salido bastante barato;P;Price
Muy barato y puedo coger un coche ahora por el centro, qué maravilla ;P;Price
Es muy económico!!;P;Price
El precio es genial, he salido muy contento de este viaje, ojalá no cambiéis;P;Price
El precio es genial, aunque he tenido una incidencia que he tenido que resolver con atención al cliente;P;Price
Precio genial, fantástico, maravilloso :');P;Price
Buenos precios, bastante económicos para lo que hay en el mercado;P;Price
El precio está bien;P;Price
La verdad es que bien el precio, pero mal la conectividad;P;Price
El precio está bastante bien;P;Price
Me dijeron que el precio estaba bien y es verdad;P;Price
Me quedo muy contento con el precio, a este paso os voy a usar todos los días;P;Price
Muy contento con este precio, ojalá no cambiéis <3;P;Price
El precio es fantástico;P;Price
Muchas gracias porque el precio ha mejorado;P;Price
Ha mejorado el precio y estoy muy contento;P;Price
El precio ha mejorado con respecto a lo que teníais antes, gracias;P;Price
Gracias por el precio! Y por el descuento!!!;P;Price
Descuento maravilloso me habéis hecho en este viaje, muchas gracias!!;P;Price
Este servicio es super barato, os voy a recomendar;P;Price
Bastante barato y muy cómodo. Así me gusta;P;Price
Viaje bastante baratito, así da gusto;P;Price
Muy baratito aunque he tenido una inciden cia que lasde he comentado al personal del servicio telefónico;P;Price
Baratito y bonito, solo falta que sea rapidito el conectarse;P;Price
Muy baratito;P;Price
Económico es quedarse corto;P;Price
El precio es fantástico, creo que me voy a cambiar a vosotros;P;Price
Precio fantástico, le voy a recomendar a unos amigos que os usen;P;Price
Oye con este precio tan genial creo que os voy a usar más;P;Price
Buen precio;P;Price
El precio es inmejorable, me encanta esta empresa;P;Price
Inmejorable el precio, pero había grasa en los asientos;P;Price
Precio inmejorable, os agradezco que hayais puesto esto en mi barrio además;P;Price
Precio fantástico, es una maravilla tener esto cuando salgo de casa;P;Price
Fantástico precio por el servicio que ofrecéis;P;Price
El precio que ponéis es inmejorable, seguid así!;P;Price
El precio es normal y el servicio también;Neu;Price
Qué es la tarifa reducida?;Neu;Price
Cómo puedo saber el precio al final del viaje?;Neu;Price
Cómo puedo ver los minutos y el precio de la app?;Neu;Price
El seguro está incluido en el precio? Qué pasa si tengo un accidente?;Neu;Price
Cómo puedo saber lo que viene incluido en el precio?;Neu;Price
Qué tipos de tarifas de precios hay?;Neu;Price
Qué hay que hacer para ver el precio del final del viaje?;Neu;Price
Ni caros ni baratos;Neu;Price
Ni caros ni baratos, lo normal la verdad;Neu;Price
He de decir que no sois ni muy caros ni muy baratos supongo que lo normal;Neu;Price
El precio es normal para lo que es el servicio;Neu;Price
Me da igual lo que cueste ahora mismo porque necesito usarlo y esta empresa me encanta;Neu;Price
El precio me da igual;Neu;Price
Aunque el precio me da igual, he visto que la limpieza de los coches está un poco mal, deberíais solucionarlo;Neu;Price
El precio me da un poco igual, pero por favor, hay un problema con la vibración de este coche;Neu;Price
Una pregunta, cómo sé cuanto me ha costado el viaje?;Neu;Price
Me gustaría preguntar por planes de precios, donde lo hagto;Neu;Price
Tengo una pregunta, cómo sé cuanto me ha costado el viaje?;Neu;Price
Ha sido un chasco ver el precio al final del viaje, sois demasiado caros;N;Price
El precio de antes era mejor;N;Price
Quiero que me devolváis el dinero, es un chasco que por un problema vuestro tenga que pagar yho;N;Price
Antes los precios eran mejores, más baratos;N;Price
Precio demasiado alto, da igual que tengais un buen servicio si no podemos pagarlo;N;Price
El precio es bastante mejorable;N;Price
Los precios están muy mal, son muy caros;N;Price
Me parece mal lo que cuesta este servicio;N;Price
Está mal que esto sea tan caro;N;Price
Teneis que devolverme el dinero que me habeis puesto de más, no es mi culpa que no funcione bien vuestro servicio;N;Price
Exijo que me devuelvan el dinero. Devolución por los minutos perdidos;N;Price
Quiero solicitar una devolución porque se me ha cobrado de más;N;Price
Exijo una devolución porque me han cobrado de más;N;Price
Me tenéis que devolver el dinero que he pasado por un problema de la red, exijo que me devuelvan el dinero;N;Price
No paráis de subir los precios…;N;Price
Dejad de subir los precios;N;Price
No podeis subir tanto los precios, a este paso voy a dejar de usaros;N;Price
Si subis los precios deberíais de mejorar también el servicio;N;Price
Dejad de subir los precios que están por las nubes;N;Price
Si subis tanto los precios no voy a poder usar esto;N;Price
Si subis el precio más y más cada vez es imposible pagar esto;N;Price
Vosotros subís los precios, pero el servicio sigue igual, creo que esto es razón suficiente para quejarse;N;Price
Exijo que me devolvais el dinero, por vuestra culpa he estado 10 minutos arreglando un problema de conexión.;N;Price
No está bien el precio tan alto;N;Price
No os voy a usar con estos precios tan altos y con este servicio tan malo;N;Price
Es excesivamente caro;N;Price
Esta mal que este servicio cueste tanto y al final no tengas la oportunidad de aparcar en tu barrio;N;Price
El servicio es super caro;N;Price
Esto está empezando a ser una ruina;N;Price
Si subis más los precios vais a ser mi ruina y me voy a tener que ir;N;Price
Esto se está convirtiendo en una ruina;N;Price
Es una ruina lo que hay que pagar por acparcar en mi barrio;N;Price
Esto es inmejorable en cuanto a precio;P;Price
El precio ha mejorado muchísimo, muy contento;P;Price
Baratito, rentable, me quedo con vosotros;P;Price
Es bastante baratito;P;Price
Un precio fantástico, os voy a empezar a usar más;P;Price
Baratito, y además sois muy majos, yo me quedo con vosotros;P;Price
El precio es estupendo, me quedo con vosotros y el servicio es genial;P;Price
El precio es estupendo;P;Price
Me parecen estupendos estos descuentos;P;Price
Es estupendo que pongais descuentos en mi zona, seguid así;P;Price
Me parece estupendo los precios que hay ahora mismo, ojalá no cambiéis;P;Price
Los precios son estupendos y hay unos descuentos maravillosos;P;Price
Descuentos estupendos;P;Price
El servicio está siendo super rentable;P;Price
Me parece que esto es bastante rentable, mejor que tener coche propio;P;Price
Es más rentable que otros sitios, aunqeu se puede mejorar la calidad del servicio;P;Price
Es bastante rentable, estoy muy contenta;P;Price
Me parece muy rentable y muy bien el servicio que dais, porfa abrid en mi barrio;P;Price
Llevo usandoos unos meses y está siendo super rentable;P;Price
Os voy a recomendar a unos amigos porque estáis siendo super rentables;P;Price
Me parece que sois muy rentables en comparación con otras compañías;P;Price
Teneis unos precios maravillosos;P;Price
Me parecen maravillosos los descuentos que dais pero por favor vigilad a los otros pasajeros porque huele a tabaco;P;Price
Es maravilloso tanto precio como el coche que es bien rechido;P;Price
Maravilloso precio;P;Price
Me parece muy economico, especialmente con los descuentos que dais;P;Price
Es super economico usar este servicio;P;Price
Me he maravillado con lo economico que es usaros;P;Price
Los precios son muy económicos;P;Price
Los descuentos hacen que esto sea muy económico;P;Price
Desde que os uso llevo diciendo lo mismo: que sois muy económicos y rentables;P;Price
Muy económico;P;Price
Mil años para aparcar, he tardado mucho;N;Parking
He estado mil años aparcando y encima lo he dejado mal porque no funciona bien la camara;N;Parking
Mil años y aun así he aparcado mal;N;Parking
He tardado mucho;N;Parking
Mil años y no he aparcado como quería, creo que debéis mejorar el sistema;N;Parking
Se aparca el coche bastante mal;N;Parking
La cámara trasera no funciona;N;Parking
Mal porque no funciona la cámara trasera al aparcar;N;Parking
Aparcado tras mil intentos y mil años, un desastre de coche;N;Parking
He aparcado mal, voy a llegar tarde;N;Parking
Esto de aparcar es un tongo, no funciona bien el sistema y encima parece mi culpa;N;Parking
Es imposible aparcar;N;Parking
Aparcar en vuestro parking es imposible, a ver si lo dejais mas claro;N;Parking
Llevo 15 minuto aparcando;N;Parking
He estado 20 minutos para aparcar, mil años;N;Parking
30 minutos y aún así creo que me habéis cobrado de más cuando al aparcar ha sido cosa del sistema;N;Parking
30 minutos para aparcar, qué desastr;N;Parking
Se tarda mucho en aparcar, deberíais hacer algo;N;Parking
Deberíais hacer algo cuando tardo 15 minutos en aparcar;N;Parking
La camara trasera no funcionaba, teneis que arreglarla;N;Parking
Mil años para aparcar porque no funcionaba la conexión y he tenido que llamar al servicio de atencion al cliente;N;Parking
20 minutos aparcando y aun así creo que me habéis cobrado de más;N;Parking
No sonaban los pitidos al aparcar;N;Parking
No funciona la cámara al aparcar;N;Parking
30 minutos para aparcar;N;Parking
15 minutos para aparcar;N;Parking
10 minutos para aparcar;N;Parking
20 minutos para aparcar;N;Parking
He tardado una eternidad y encima me toca pagar por algo que es vuestra culpa;N;Parking
Vueltas y más vueltas para aparcar y todo eso lo pago yo;N;Parking
Estos coches se aparcan mal;N;Parking
Mal para aparcar, 10 minutos dando vueltas y otros 15 porque el sistema no funcionaba;N;Parking
No se puede tardar mil años en aparcar;N;Parking
10 minutos para aparcar está mal, deberíais de hacer algo;N;Parking
He estado 10 minutos aparcando, está mal que me cobréis lo mismo que en la otra modalidad;N;Parking
Cuando llevas tantos minutos para aparcar está mal que encima sea imposible desconectar el sistema;N;Parking
Es imposible aparcar en vuestras zonas;N;Parking
Aparcar por aquí es imposible, 15 minutos y el tiempo corriendo;N;Parking
Al aparcar creo que me he dejado una luz encendida;Neu;Parking
Al aparcar había un señor de la limpieza esperando;Neu;Parking
He aparcado normal;Neu;Parking
El aparcamiento ha sido normal;Neu;Parking
Podríais incluir alguna zona de aparcamiento en villaverde?;Neu;Parking
Podríais incluir alguna zona para aparcar por fuenlabrada?;Neu;Parking
Podríais hacer descuentos cuando aparcamos en zona centro?;Neu;Parking
He aparcado en doble fila;Neu;Parking
He aparcado en zona de carga y descarga. Tenía prisa;Neu;Parking
He dejado el coche en doble fila, lo siento;Neu;Parking
Al aparcar creo que me he olvidado mi cartera, revisadlo porfa;Neu;Parking
Podeis comprobar si me he dejdo mi cartera al aparcar?;Neu;Parking
He tenido que poner una nota para que el siguiente pasajero no utilizase el coche, alguien se ha dejado un objeto perdido;Neu;Parking
El aparcamiento con estos coches es normal;Neu;Parking
No sé si he aparcado correctamente;Neu;Parking
Al aparcar no sé cómo hacer para dejar adecuadamente el asiento del copiloto porque se ha atascado;Neu;Parking
Como funciona eso de aparcar en vuestra zona?;Neu;Parking
Como funciona el aparcar con un coche que no es manual?;Neu;Parking
Como funciona aparcar con un coche automático?;Neu;Parking
Podeis explicarme como funciona lo de la conexión al aparcar?;Neu;Parking
Como funciona la conexión para aparcar?;Neu;Parking
Podríais hacer descuentos al aparcar por zonas verdes?;Neu;Parking
Aparcado al lado del hospital, he chocado;Neu;Parking
Un coche ha chocado conmigo, he aparcado donde he podido cerca de ciudad universitaria;Neu;Parking
He tenido que aparcar en zona de carga y descarga;Neu;Parking
He dejado el coche al aparcar en una zona de parking del supermercado;Neu;Parking
Es muy cómodo aparcar con estos coches;P;Parking
Estos coches aparcan de maravilla;P;Parking
Estos coches te resuelven la vida al aparcar;P;Parking
Estos coches aparcan genial;P;Parking
Es genial aparcar con estos coches, se nota que son automáticos;P;Parking
Aparcado rapido, es genial aparcar con estos coches;P;Parking
Es la primera vez que cojo un automático y se aparca de maravilla;P;Parking
He aparcado de maravilla, estoy muy contento con estos coches;P;Parking
Estoy muy contento porque aparcar con estos coches es muy cómodo, genial este viaje;P;Parking
Genial poder aparcar con un coche así, se nota que es nuevo. Es una maravilla que los cuideis tanto;P;Parking
He podido aparcar rapido;P;Parking
He aparcado rápido y es una maravilla poder aparcar con este coche;P;Parking
Ojalá tener este coche siempre porque es genial, cuando he aparcado lo he hecho a la primera;P;Parking
He aparcado a la primera, qué genial;P;Parking
He aparcado fenomenal, a la primera, me ha maravillado;P;Parking
Es muy facil aparcar con estos coches, he aparcado a la primera. Maravilla.;P;Parking
He aparcado a la primera, es genial que estos coches vayan tan bien;P;Parking
Me siento muy feliz, he aparcado muy rapido;P;Parking
He aparcado bastante bien;P;Parking
He podido aparcar muy bien;P;Parking
Aparcado en cero coma;P;Parking
Aparcado en cero coma, con estos automáticos todo es más sencillo y rápido;P;Parking
Aparcado en cero coma, como no si estos coches van super bien;P;Parking
Aparcado en cero coma y a la primera, genial que estos coches vayan tan bien;P;Parking
Tener parkings por todas partes es fantástico;P;Parking
Es fantástico tener tantos párkings, puedes aparcar por todas partes donde quieras;P;Parking
Con estos parkings se aparca super rápido;P;Parking
He podido aparcar en cero coma y a la primera, es que con los automáticos se aparca de maravilla;P;Parking
Se aparca muy bien este coche;P;Parking
Es genial poder aparcar con estos coches porque se aparcan en cero coma y a la primera;P;Parking
Aparcar con estos coches es una maravilla;P;Parking
Casi me choco al aparcar, fatal van estos coches;N;Parking
Estos coches van fatal, casi me choco y me mato;N;Parking
Los pitidos para aparcar no sonaban, está mal, y también iba mal la cámara;N;Parking
Como puedo saber como aparcar?;Neu;Parking
Cómo funciona la conexión para aparcar?;Neu;Parking
Para aparcar qué tengo que hacer con la conexión?;Neu;Parking
He aparcado en doble fila;Neu;Parking
He dejado el coche al aparcar en una zona de parking ;Neu;Parking
He dejado el coche al aparcar en un sitio no habilitado;Neu;Parking
He dejado el coche al aparcar en una zona de carga y descarga;Neu;Parking
Podríais incluir algún servicio de aparcamiento especial en la zona oeste?;Neu;Parking
Podríais incluir algún servicio de aparcamiento especial en la zona este?;Neu;Parking
Podríais incluir algún servicio de aparcamiento especial en la zona noreste?;Neu;Parking
Me alegro de que hayais mejorado la conexión;P;Connection
Gracias por haber mejorado la conexión, me alegro mucho;P;Connection
Es genial que hayais mejorado la conexión;P;Connection
Es una maravilla que hayais mejorado la conexión;P;Connection
La conexión es fantastica, mejor que en otros sitios;P;Connection
La conexión es maravillosa, se nota que habeis mejorado;P;Connection
He de decir que se nota la mejora de la conexión;P;Connection
La conexión funciona de maravilla;P;Connection
Desde la última vez la conexión ha mejorado muchisimo, me alegra;P;Connection
Estoy muy contento porque ahora funciona bastante bien la conexión;P;Connection
Gracias por mejorar la conexión, estoy muy contento de que ahora todo vaya bien;P;Connection
Que gusto que hayais mejorado la conexión, es una alegría muy grande;P;Connection
Me alegra mucho que hayais mejorado la conexión, muchas gracias.;P;Connection
El viaje ha ido bien y la conexión de maravilla ahora;P;Connection
Genial la conexión, ahora funciona fantasticamente bien;P;Connection
Muy bien! Habeis mejorado la conexión, maravilloso;P;Connection
Maravilloso que hayais mejorado la conexión;P;Connection
Ha mejorado mil la conexión, muchas gracias;P;Connection
Muchas gracias, ahora funciona mil veces mejor la conexión;P;Connection
Ahora la conexión es buena y funciona bien;P;Connection
Me he conectado a la primera, genial!;P;Connection
Es genial poder conectarse a la primera, qué gusto;P;Connection
Es una maravilla que la conexión funcione a la primera, me hace mucha ilusion;P;Connection
Es una ilusión y un gustazo que ahora funcione bien la conexión;P;Connection
A la primera, ha funcionado a la primera la conexión, esto es una maravilla;P;Connection
La conexión ha funcionado perfectamente gracias por mejorarlo;P;Connection
Voy a usaros más a menudo desde que habéis mejorado la conexión, gracias;P;Connection
Me he conectado a la primera, esto es nuevo. A partir de ahora voy a usaros más a menudo. Muchas gracias;P;Connection
La conexión funcionaba de lujo, pude a conectarme a la primera. Esto es nuevo;P;Connection
Que alegría que hayais mejorado la conexión;P;Connection
Es una alegría que hayais mejorado la conexión;P;Connection
Ahora la conexión es fantástica, muchas gracias ;P;Connection
La conexión está siendo fantástica que maravilla de servicio tenéis ahora genial;P;Connection
Me alegra un montón que hayais solucionado el tema de la conexión;P;Connection
Que alegría la mejora de la conexión, he saltado de felicidad;P;Connection
Fatal la conexión, tenéis que solucionarlo y devolverme el dinero;N;Connection
Deberíais solucionar el problema de la conexión de una vez;N;Connection
Como no solucioneis el problema de la conexión os voy a dejar de usar;N;Connection
La conexión va fatal;N;Connection
La conexión es muy mala, 20 minutos esperando, he tenido que cancelar;N;Connection
He tenido que cancelar porque la conexión iba fatal;N;Connection
Da vergüenza la conexión tan mala que tenéis;N;Connection
Es vergonzoso que tengais una conexión tan mala;N;Connection
Es pésimo la conexión que tenéis, malísimo;N;Connection
Con esta conexión tan mala, es vergonzoso que sigais en el mercado;N;Connection
Debería estar prohibido cobrar cuando es problema de la conexión mala que da vuestro servicio;N;Connection
Esta conexión tan pésima deberíais de arreglarla;N;Connection
Tenéis que arreglar esta conexión tan mala;N;Connection
No funciona la conexión, tenéis que arreglarla;N;Connection
Deberíais arreglar la conexión, funciona fatal;N;Connection
La conexión va fatal, por favor, arregladla;N;Connection
Se cortó la conexión, miradlo y no me cobréis el exceso;N;Connection
La conexión se ha cortado por vuestra culpa;N;Connection
Es vuestra culpa que se cortase la conexión;N;Connection
La culpa es vuestra porque se ha cortado la conexión inesperadamente, deberíais arreglar una conexión que va fatal;N;Connection
Se ha cortado la conexión de vuestro lado, espero que no me cobreis;N;Connection
Esta conexión va tan mal que se ha cortado, exijo que no me cobreis eso;N;Connection
Pesima conexión que se corta constantemente;N;Connection
Deberíais solucionar el problema de la conexión, se corta constantemente;N;Connection
Podeis decirme como funciona la conexión?;Neu;Connection
Podríais especificarme como funciona el tema de la conexión?;Neu;Connection
Qué tipo de dispositivos se pueden conectar en los coches?;Neu;Connection
Qué cosas se pueden conectar en los coches? Se puede conectar un ipad?;Neu;Connection
Puedo conectar mi gps a vuestro coche?;Neu;Connection
Cómo funciona la conexión?;Neu;Connection
Al conectarme he visto que me ha saltado un mensaje vuestro, no he podido leerlo;Neu;Connection
Al conectarme me ha aparecido un pop up, no he podido leerlo;Neu;Connection
Qué tipo de conexiones se puede aplicar al viaje?;Neu;Connection
Cómo sé como conectar el dispositivo a vuestro coche?;Neu;Connection
Podeis explicar como funciona el tema de la conexión?;Neu;Connection
Ha habido un momento de la conexión que me ha saltado un mensaje, no sé qué era;Neu;Connection
Cómo se hace para conectar el movil?;Neu;Connection
Podeis explicarme como funciona el tema de la conexión?;Neu;Connection
Me ha salido un mensaje de advertencia mientras me conectaba, podéis explicarme a qué se refiere?;Neu;Connection
Mientras me conectaba me salió una notificación de descuento, se me va a aplicar a este viaje?;Neu;Connection
Podeis explicarme como va lo de la conexión en el coche?;Neu;Connection
Cómo funciona la conexión?;Neu;Connection
Al conectarme he visto que me ha saltado un mensaje vuestro, no he podido leerlo;Neu;Connection
El coche estaba muy limpio;P;Cleaning
Desde la última vez ha mejorado mil la conexión y ahora el coche está más limpio. Felicidades;P;Cleaning
Coche limpio y buen funcionamiento;P;Cleaning
Olor a limpio. Qué nuevito está;P;Cleaning
Limpísimo;P;Cleaning
El coche impecable, no como otras veces;P;Cleaning
Limpio y reluciente. Aunque durante el viaje tuve todo el rato un sonido extraño, ya se lo comenté a atencion al cliente;P;Cleaning
El coche estaba nuevo. Así da gusto!!!;P;Cleaning
Primera vez y encantado! Muy intuitivo y super limpio que tenia miedo por lo que me habian dicho;P;Cleaning
Impecable, no sé si he tenido suerte jeje;P;Cleaning
Está tan limpio que da gusto;P;Cleaning
Había unas latas y comida del chino abiertas en los asientos traseros;N;Cleaning
Manchas de comida por los asientos, la verdad es que no teneis la culpa pero me parece super incómodo y me estoy planteando coger otro tipo de servicios;N;Cleaning
Mucho barro en la parte baja del coche, no sé por dónde lo habrán metido;N;Cleaning
El anterior dueño ha sido un guarro que ha dejado todo hecho un asco;N;Cleaning
Olía a vómito y casi he vomitado yo también. He tenido que cancelar;N;Cleaning
Puff… después de minutos y minutos buscando vuestro coche me encuentro con que está con latas abiertas, pringoso, pero lo peor con vómito, que asco. He terminado andando a donde queria ir;N;Cleaning
Deberíais limpiar más a menudo los coches porque sé que hay dueños guarros pero nos fastidian a los demás o prohibirles entrar yo que sé. Haced algo para que no esté esto tan sucio;N;Cleaning
Más sucio imposible. Ni lo he tocado del asco que daba;N;Cleaning
Había barro en el asiento, he tenido que cancelar;N;Cleaning
El limpiaparabrisas iba mal y no había líquido;N;Cleaning
No había líquido para el limpia, y los asientos sucios;N;Cleaning
Había pelos de animal en el asiento;N;Cleaning
El coche tenía una mancha en el asiento del copiloto. La conexión ha mejorado bastante desde la última vez.;N;Cleaning
En el limpiaparabrisas me he encontrado una multa;Neu;Cleaning
Antes vi al de la limpieza en este coche, creo que iba a coger un objeto perdido;Neu;Cleaning
La limpieza de este coche fue normal, el viaje también 3 estrellas;Neu;Cleaning
No me quejo de nada, pero tampoco nada impresionante. Limpieza normal. Tiempo normal. Supongo que lo normal;Neu;Cleaning
Antes me encontré con un papel en el limpiaparabrisas;Neu;Cleaning
Al atravesar un charco de barro he ensuciado el coche, lo siento;Neu;Cleaning
No he podido evitar ensuciar el coche;Neu;Cleaning
Había un señor de la limpieza cuando llegué;Neu;Cleaning
Cuanto limpiais estos coches?;Neu;Cleaning
Se puede pedir que te limpien el coche antes de alquilarlo?;Neu;Cleaning
Buena conexión durante todo el viaje, que es de agradecer;P;Connection
Pude conectarme a la primera, eso es nuevo en estos servicios;P;Connection
Conexión maravillosa, si seguís así tal vez os use más a menudo;P;Connection
La conexión funcionaba de maravilla qué maravilla. Debería ser siempre así;P;Connection
Que bien que la conexión funcionase tan bien, es perfecto cuando pasa esto en los viajes;P;Connection
He de decir que se nota que habéis mejorado la conectividad y que ahora todo va mucho mejor. Ahora a ampliar zonas y a poder ser la zona Sutr;P;Connection
Conexión positiva, parking positivo, pero durante el viaje he sentido que las luces no funcionaban del todo bien;P;Connection
Gracias por mejorar la conexión, iba a desesperarme otra vez por tener que usaros;P;Connection
Cómo se nota que habéis mejorado la conexión, que gusto!;P;Connection
La conexión iba de lujo, ojalá siempre fuera así;P;Connection
Podeis explicar como funciona el tema de la conexión?;Neu;Connection
Ha habido un momento de la conexión que me ha saltado un mensaje, no sé qué era;Neu;Connection
Cómo se hace para conectar el movil?;Neu;Connection
Podeis explicarme como funciona el tema de la conexión?;Neu;Connection
Me ha salido un mensaje de advertencia mientras me conectaba, podéis explicarme a qué se refiere?;Neu;Connection
Mientras me conectaba me salió una notificación de descuento, se me va a aplicar a este viaje?;Neu;Connection
Podeis explicarme como va lo de la conexión en el coche?;Neu;Connection
Cómo funciona la conexión?;Neu;Connection
Al conectarme he visto que me ha saltado un mensaje vuestro, no he podido leerlo;Neu;Connection
Deberíais arreglar la conexión, funciona fatal;N;Connection
La conexión va fatal, por favor, arregladla;N;Connection
Se cortó la conexión, miradlo y no me cobréis el exceso;N;Connection
La conexión se ha cortado por vuestra culpa;N;Connection
Es vuestra culpa que se cortase la conexión;N;Connection
La culpa es vuestra porque se ha cortado la conexión inesperadamente, deberíais arreglar una conexión que va fatal;N;Connection
Se ha cortado la conexión de vuestro lado, espero que no me cobreis;N;Connection
Esta conexión va tan mal que se ha cortado, exijo que no me cobreis eso;N;Connection
Pesima conexión que se corta constantemente;N;Connection
Caro es quedarse corto;N;Price
Demasiado caro y me habeis contabilizado mal los minutos.;N;Price
No sé como no se os cae la cara de vergüenza con los precios;N;Price
No se me aplicó el descuento. Por favor, teneis que arreglar esto porque además el precio está muy alto;N;Price
Caro;N;Price
El viaje bien. Un poco caro el precio;N;Price
Vais a ser mi ruina. Una y no mas;N;Price
El precio no me parece bien;N;Price
El precio no me apareció en la app;Neu;Price
La tarifa reducida qué es?;Neu;Price
Como puedo ver el precio?;Neu;Price
Pregunta: el precio cuanto es por minuto?;Neu;Price
El precio donde se consulta?;Neu;Price
El precio no aparece en la app;Neu;Price
El otro día vi el precio en vuestra app, no sé donde puedo ver ahora los minutos;Neu;Price
Es bastante rentable, estoy muy contenta;P;Price
Me parece muy rentable y muy bien el servicio que dais, porfa abrid en mi barrio;P;Price
Llevo usandoos unos meses y está siendo super rentable;P;Price
Os voy a recomendar a unos amigos porque estáis siendo super rentables;P;Price
Me parece que sois muy rentables en comparación con otras compañías;P;Price
Teneis unos precios maravillosos;P;Price
Me parecen maravillosos los descuentos que dais pero por favor vigilad a los otros pasajeros porque huele a tabaco;P;Price
Es maravilloso tanto precio como el coche que es bien rechido;P;Price
Maravilloso precio;P;Price
Me parece muy economico, especialmente con los descuentos que dais;P;Price
Al ser peque el coche se aparca de maravilla;P;Parking
Qué bien que tengais zonas habilitadas para aparcar;P;Parking
Estos coches se aparcan genial;P;Parking
Me estoy acostumbrando a aparcar de maravilla con estos coches. Por cierto, la APP me ha dado un error al incio del viaje pero hablé con servicio al cliente y todo solucioinad0;P;Parking
El parking que hay en el centro te resuelve la vida. Gracias mil;P;Parking
Me ha encantado aparcar en mi barrio que alegría;P;Parking
Aparcar con un automático está chupado;P;Parking
He ido todo el viaje con un sonido muy molesto y encima no funcionaba la radio. Al menos he aparcado bien;P;Parking
Vuestro parking es una pasada, hay mucho espacio y en pleno centro;P;Parking
Había un problema con la app pero me lo ha solucionado estefanía de atención al cliente, muy buen servicio en ese sentido. Después llegué bastante rápido y aparqué fenomenal;P;Parking
He aparcado a la primera, y soy novata jeje;P;Parking
He tenido suerte y he conseguido sitio a la primera qué feliz me siento;P;Parking
Podríais incluir alguna zona de aparcamiento en villaverde?;Neu;Parking
Podríais incluir alguna zona para aparcar por fuenlabrada?;Neu;Parking
Podríais hacer descuentos cuando aparcamos en zona centro?;Neu;Parking
He aparcado en doble fila;Neu;Parking
He aparcado en zona de carga y descarga. Tenía prisa;Neu;Parking
He dejado el coche en doble fila, lo siento;Neu;Parking
Al aparcar creo que me he olvidado mi cartera, revisadlo porfa;Neu;Parking
Podeis comprobar si me he dejdo mi cartera al aparcar?;Neu;Parking
He tenido que poner una nota para que el siguiente pasajero no utilizase el coche, alguien se ha dejado un objeto perdido;Neu;Parking
El aparcamiento con estos coches es normal;Neu;Parking
No sé si he aparcado correctamente;Neu;Parking
Se aparca el coche bastante mal;N;Parking
La cámara trasera no funciona;N;Parking
Mal porque no funciona la cámara trasera al aparcar;N;Parking
Aparcado tras mil intentos y mil años, un desastre de coche;N;Parking
He aparcado mal, voy a llegar tarde;N;Parking
Esto de aparcar es un tongo, no funciona bien el sistema y encima parece mi culpa;N;Parking
Es imposible aparcar;N;Parking
Aparcar en vuestro parking es imposible, a ver si lo dejais mas claro;N;Parking
Llevo 15 minuto aparcando;N;Parking
He estado 20 minutos para aparcar, mil años;N;Parking
30 minutos y aún así creo que me habéis cobrado de más cuando al aparcar ha sido cosa del sistema;N;Parking
30 minutos para aparcar, qué desastr;N;Parking
